{"_timestamp":1.7587673668372118e+09,"_step":10,"final_recall":0.17105263157894737,"_wandb":{"runtime":0},"_runtime":0,"epoch":10,"Recall@5":0.17105263157894737}