{"_runtime":0,"Recall@5":0.17105263157894737,"_timestamp":1.7586986362370687e+09,"_step":10,"epoch":10,"final_recall":0.17105263157894737,"_wandb":{"runtime":0}}