{"_wandb":{"runtime":0},"_runtime":0,"_timestamp":1.7587682493707957e+09,"_step":10,"epoch":10,"Recall@5":0.17105263157894737,"final_recall":0.17105263157894737}