{"_step":10,"epoch":10,"Recall@5":0.17105263157894737,"_timestamp":1.758771369991328e+09,"final_recall":0.17105263157894737,"_wandb":{"runtime":0},"_runtime":0}