{"_wandb":{"runtime":1},"_runtime":1,"_timestamp":1.7587680115396063e+09,"_step":10,"epoch":10,"Recall@5":0.17105263157894737,"final_recall":0.17105263157894737}