{"Recall@5":0.17105263157894737,"final_recall":0.17105263157894737,"_wandb":{"runtime":0},"_runtime":0,"_timestamp":1.758768276850048e+09,"_step":10,"epoch":10}