{"_step":9,"_wandb":{"runtime":0},"_runtime":0,"epoch":10,"Recall@5":0.17105263157894737,"_timestamp":1.758698356807936e+09}