{"_wandb":{"runtime":0},"_runtime":0,"epoch":10,"Recall@5":0.17105263157894737,"_timestamp":1.7587717142989364e+09,"_step":10,"final_recall":0.17105263157894737}